year,avg_weekly_revenue
2024.0,5480.570256410259
2025.0,8339.700537634406
