year,total_revenue
2024.0,854968.9600000004
2025.0,775592.1499999998
